id,first_name,second_name,team,element_type,now_cost,selected_by_percent,form,total_points,minutes,goals_scored,assists,clean_sheets,goals_conceded,own_goals,penalties_saved,penalties_missed,yellow_cards,red_cards,saves,bonus,bps,influence,creativity,threat,ict_index
1,David,Raya Martín,1,1,60,30.8,0.0,162,3330,0,0,19,26,0,0,0,1,0,60,11,633,541.6,33.5,0.0,57.5
2,Kepa,Arrizabalaga Revuelta,1,1,50,0.2,0.0,2,90,0,0,0,1,0,0,0,0,0,2,0,11,19.8,0.0,0.0,2.0
3,Illan,Meslier,1,1,50,0.1,0.0,0,0,11,0,0,0,0,0,0,0,0,0,0,11,0.0,0.0,0.0,0.0
4,Gabriel,dos Santos Magalhães,1,2,80,25.9,0.0,209,2750,3,5,18,20,0,0,0,4,0,0,30,724,824.0,128.5,298.0,125.0
5,Jurriën,Timber,1,2,65,0.5,0.0,149,2452,3,6,13,20,0,0,0,5,0,0,9,532,499.0,402.6,352.0,125.7
6,William,Saliba,1,2,60,0.5,0.0,137,2614,1,0,15,20,0,0,0,2,0,0,12,581,552.6,201.0,90.0,84.3
7,Myles,Lewis-Skelly,1,3,55,0.3,0.0,29,697,0,0,2,8,0,0,0,3,0,0,0,110,73.2,74.6,29.0,17.6
8,Riccardo,Calafiori,1,2,55,15.6,0.0,109,1697,1,2,13,8,0,0,0,5,0,0,6,389,283.0,182.3,313.0,77.9
9,Piero,Hincapié,1,2,55,4.3,0.0,87,1787,1,2,5,19,1,0,0,2,0,0,7,335,453.6,184.7,72.0,70.9
10,Benjamin,White,1,2,55,0.3,0.0,45,699,0,1,5,6,0,0,0,0,0,0,3,181,154.8,133.4,54.0,34.3
11,Cristhian,Mosquera,1,2,55,16.8,0.0,40,986,0,0,3,8,0,0,0,4,0,0,1,195,219.2,88.7,20.0,32.9
12,Bukayo,Saka,1,3,95,10.6,0.0,157,2218,7,10,12,16,0,0,0,2,0,0,18,570,627.0,847.6,828.0,230.6
13,Declan,Rice,1,3,75,22.4,0.0,184,3093,4,9,18,25,0,0,0,3,0,0,23,790,827.2,1027.4,298.0,215.4
14,Eberechi,Eze,1,3,65,3.3,0.0,113,1885,7,3,11,14,0,0,0,1,0,0,8,439,393.4,305.7,455.0,115.1
15,Martin,Ødegaard,1,3,65,3.0,0.0,74,1363,1,7,6,13,0,0,0,0,0,0,5,306,311.8,564.4,168.0,104.4
16,Noni,Madueke,1,3,65,0.4,0.0,72,1205,3,1,8,9,0,0,0,0,0,0,9,254,257.4,352.8,404.0,101.3
17,Mikel,Merino Zazón,1,3,60,1.2,0.0,67,1024,4,3,4,10,0,0,0,1,0,0,5,236,304.4,191.8,244.0,73.6
18,Gabriel,Martinelli Silva,1,3,65,0.3,0.0,57,1065,1,5,2,8,0,0,0,3,0,0,3,195,204.6,202.2,390.0,79.0
19,Martín,Zubimendi Ibáñez,1,3,55,1.5,0.0,133,2991,5,1,16,25,0,0,0,4,0,0,9,604,603.2,385.1,271.0,126.2
20,Max,Dowman,1,3,55,0.2,0.0,16,152,1,1,1,1,0,0,0,0,0,0,0,51,45.2,55.5,65.0,16.6
21,Christian,Nørgaard,1,3,50,0.3,0.0,7,101,0,0,0,1,0,0,0,0,0,0,0,28,23.4,5.5,10.0,4.0
22,Ethan,Nwaneri,1,3,55,0.0,0.0,8,165,0,0,1,0,0,0,0,0,0,0,0,20,8.6,22.5,24.0,5.4
23,Fábio,Ferreira Vieira,1,3,55,0.0,0.0,0,0,0,0,0,0,0,0,0,0,0,0,0,0,0.0,0.0,0.0,0.0
24,Reiss,Nelson,1,3,55,0.0,0.0,13,118,0,1,0,2,0,0,0,0,0,0,0,39,42.6,32.6,29.0,10.0
25,Viktor,Gyökeres,1,4,75,13.0,0.0,128,2217,14,1,12,14,0,0,0,5,0,0,16,474,539.6,271.7,772.0,157.5
26,Kai,Havertz,1,4,75,4.0,0.0,36,577,2,3,4,4,0,0,0,1,0,0,3,143,152.6,134.6,210.0,49.9
27,Gabriel,Fernando de Jesus,1,4,60,0.4,0.0,24,418,3,0,1,6,0,0,0,3,0,0,0,92,141.8,54.3,281.0,47.5
557,Christos,Tzolis,1,3,65,1.8,0.0,0,0,0,0,0,0,0,0,0,0,0,0,0,0,0.0,0.0,0.0,0.0
28,Emiliano,Martínez Romero,2,1,50,4.6,0.0,120,2835,0,1,7,39,0,1,0,2,0,95,11,530,769.8,23.2,0.0,79.2
29,Marco,Bizot,2,1,45,0.1,0.0,16,585,0,0,1,10,0,0,0,2,0,19,0,75,139.2,0.0,0.0,13.9
30,Lucas,Digne,2,2,45,1.4,0.0,97,1842,0,7,7,23,0,0,0,3,0,0,5,381,400.2,455.5,130.0,98.5
31,Ezri,Konsa Ngoyo,2,2,45,17.2,0.0,100,3035,0,1,9,44,0,0,0,0,1,0,3,497,601.4,108.3,124.0,84.0
32,Matty,Cash,2,2,45,7.8,0.0,117,3016,3,3,8,38,0,0,0,9,0,0,7,450,643.0,510.7,221.0,137.5
33,Tyrone,Mings,2,2,45,0.2,0.0,50,1322,0,1,3,23,0,0,0,1,0,0,4,169,282.6,80.5,105.0,46.8
34,Pau,Torres,2,2,45,0.2,0.0,64,1673,0,2,5,19,1,0,0,1,0,0,2,280,321.8,47.1,79.0,45.1
35,Lamare,Bogarde,2,3,50,0.1,0.0,40,1042,0,0,2,17,0,0,0,5,0,0,4,121,133.0,59.4,14.0,20.6
36,Ian,Maatsen,2,2,45,0.6,0.0,54,1590,0,1,2,27,0,0,0,2,0,0,1,242,336.6,373.4,231.0,94.3
37,Victor,Lindelöf,2,2,45,0.2,0.0,29,942,0,1,1,15,0,0,0,0,0,0,0,124,167.8,36.6,22.0,22.7
38,Andrés,García,2,2,40,1.5,0.0,5,83,0,0,0,3,0,0,0,0,0,0,0,12,17.8,3.2,2.0,2.3
39,Kosta,Nedeljkovic,2,2,40,0.4,0.0,0,0,0,0,0,0,0,0,0,0,0,0,0,0,0.0,0.0,0.0,0.0
41,Emiliano,Buendía Stati,2,3,60,0.9,0.0,102,1753,6,2,3,24,0,0,0,6,0,0,10,382,427.0,402.1,398.0,121.4
42,Evann,Guessand,2,3,55,0.0,0.0,44,909,1,3,2,15,0,0,0,0,0,0,0,143,159.4,76.6,187.0,42.0
44,Leon,Bailey,2,3,55,0.1,0.0,21,450,0,2,0,9,0,0,0,1,0,0,0,69,71.2,160.4,69.0,30.1
45,John,McGinn,2,3,55,2.7,0.0,103,2136,5,4,8,28,0,0,0,5,0,0,6,443,459.8,605.3,309.0,137.3
46,Ross,Barkley,2,3,50,0.2,0.0,56,844,3,2,1,15,0,0,0,1,0,0,5,221,227.8,162.3,191.0,58.1
47,Boubacar,Kamara,2,3,50,0.1,0.0,61,1410,1,3,5,15,0,0,0,5,0,0,7,282,325.0,241.3,75.0,64.2
48,Amadou,Onana,2,3,50,0.0,0.0,76,1755,2,0,6,26,0,0,0,3,0,0,4,353,413.2,152.6,178.0,74.4
49,Samuel,Iling-Junior,2,3,50,0.0,0.0,0,0,0,0,0,0,0,0,0,0,0,0,0,0,0.0,0.0,0.0,0.0
50,Bradley,Burrowes,2,3,45,0.9,0.0,1,16,0,0,0,1,0,0,0,0,0,0,0,3,0.0,0.3,0.0,0.0
51,George,Hemmings,2,3,45,0.3,0.0,2,25,0,0,0,0,0,0,0,0,0,0,0,5,0.0,1.7,2.0,0.3
52,Alysson Edward Franco,da Rocha dos Santos,2,3,50,0.0,0.0,3,47,0,0,0,2,0,0,0,0,0,0,0,11,3.2,3.5,10.0,1.5
53,Johan,Manzambi,2,3,60,2.4,0.0,0,0,0,0,0,0,0,0,0,0,0,0,0,0,0.0,0.0,0.0,0.0
54,Joao,Gomes,2,3,55,0.3,0.0,85,2207,1,1,4,41,0,0,0,9,0,0,4,421,486.6,353.4,176.0,102.0
55,Ollie,Watkins,2,4,80,12.4,0.0,167,2833,16,4,9,38,0,0,0,4,0,0,26,623,720.2,330.9,1206.0,225.2
56,Tammy,Abraham,2,4,55,0.0,0.0,23,278,2,0,0,8,0,0,0,0,0,0,2,93,87.2,49.2,136.0,27.1
160,Alejandro,Garnacho Ferreyra,2,3,60,1.1,0.0,56,1261,1,4,4,20,0,0,0,2,0,0,3,222,211.4,405.3,399.0,100.5
57,Đorđe,Petrović,3,1,45,3.7,0.0,124,3420,0,0,11,54,1,0,0,3,0,109,5,512,822.6,0.0,0.0,82.4
58,Fraser,Forster,3,1,40,3.1,0.0,0,0,0,0,0,0,0,0,0,0,0,0,0,0,0.0,0.0,0.0,0.0
59,Will,Dennis,3,1,40,0.2,0.0,0,0,0,0,0,0,0,0,0,0,0,0,0,0,0.0,0.0,0.0,0.0
60,James,Hill,3,2,55,1.3,0.0,110,2102,0,3,8,24,2,0,0,5,0,0,4,386,579.4,161.7,119.0,86.3
61,Adrien,Truffert,3,2,55,4.7,0.0,165,3378,1,6,11,51,0,0,0,5,0,0,19,607,857.0,574.2,194.0,162.6
62,Bafodé,Diakité,3,2,50,0.2,0.0,46,1275,0,0,4,27,0,0,0,1,0,0,2,164,267.0,54.3,22.0,34.4
63,Veljko,Milosavljevic,3,2,50,0.1,0.0,19,367,0,0,1,6,0,0,0,0,0,0,0,63,98.4,13.9,10.0,12.2
64,Adam,Smith,3,2,45,0.1,0.0,58,1073,0,2,6,16,0,0,0,3,0,0,4,185,176.2,76.6,18.0,27.1
65,Julián,Araujo Zúñiga,3,2,45,0.1,0.0,0,0,0,0,0,0,0,0,0,0,0,0,0,0,0.0,0.0,0.0,0.0
66,Julio,Soler Barreto,3,2,40,0.6,0.0,3,34,0,0,0,2,0,0,0,0,0,0,0,2,1.8,2.5,2.0,0.6
67,Rayan Vitor,Simplício Rocha,3,3,65,3.5,0.0,67,1110,5,2,6,10,0,0,0,1,0,0,3,238,277.6,211.9,263.0,75.3
68,Marcus,Tavernier,3,3,60,1.9,0.0,137,2732,7,4,11,44,0,0,0,6,0,0,14,552,656.8,816.6,605.0,207.9
69,Alex,Scott,3,3,60,1.6,0.0,136,2848,3,2,11,41,0,0,0,5,0,0,9,603,597.2,482.0,314.0,139.0
70,Justin,Kluivert,3,3,60,1.0,0.0,41,945,2,0,4,19,0,0,0,5,0,0,3,147,148.0,305.1,135.0,58.8
71,Lewis,Cook,3,3,50,0.1,0.0,40,872,0,1,1,19,0,0,0,1,1,0,0,190,206.8,183.8,12.0,40.6
72,Ben,Gannon-Doak,3,3,50,0.1,0.0,11,105,0,1,0,1,0,0,0,0,0,0,0,33,32.4,17.8,39.0,8.9
73,Tyler,Adams,3,3,50,0.7,0.0,77,1769,2,2,7,28,0,0,0,8,0,0,3,346,387.0,158.2,115.0,66.3
74,David,Brooks,3,3,50,0.2,0.0,59,1188,1,3,5,20,0,0,0,7,0,0,4,215,236.2,384.5,434.0,104.1
75,Ryan,Christie,3,3,50,0.0,0.0,47,978,2,1,3,14,0,0,0,3,1,0,2,214,226.6,197.0,220.0,64.7
76,Alex,Tóth,3,3,50,0.0,0.0,8,135,0,0,0,3,0,0,0,1,0,0,0,32,18.6,60.2,18.0,9.6
77,Amine,Adli,3,3,50,0.2,0.0,67,1074,3,2,3,17,0,0,0,2,0,0,4,241,272.6,235.9,260.0,76.1
78,Junior,Kroupi,3,3,75,5.8,0.0,113,1663,13,0,10,21,0,0,0,5,0,0,13,480,532.2,306.9,563.0,139.9
79,Francisco Evanilson,de Lima Barbosa,3,4,60,2.0,0.0,115,2741,6,7,11,40,0,0,0,2,0,0,6,412,350.6,397.9,809.0,155.5
80,Enes,Ünal,3,4,55,0.2,0.0,27,214,1,0,0,3,0,0,0,1,0,0,1,83,70.2,25.0,104.0,19.1
81,Álvaro,Rodríguez,3,4,60,0.3,0.0,0,0,0,0,0,0,0,0,0,0,0,0,0,0,0.0,0.0,0.0,0.0
566,António João,Pereira de Albuquerque Tavares da Silva,3,2,50,0.1,0.0,0,0,0,0,0,0,0,0,0,0,0,0,0,0,0.0,0.0,0.0,0.0
82,Caoimhín,Kelleher,4,1,50,5.6,0.0,143,3330,0,0,10,49,0,3,0,1,0,109,11,570,913.8,23.0,0.0,93.8
83,Hákon Rafn,Valdimarsson,4,1,45,0.1,0.0,1,90,0,0,0,3,0,0,0,0,0,1,0,1,13.0,0.0,0.0,1.3
84,Nathan,Collins,4,2,55,2.0,0.0,129,2971,1,2,9,44,1,0,0,7,0,0,7,450,848.6,143.8,325.0,131.9
85,Sepp,van den Berg,4,2,50,0.7,0.0,113,2761,0,3,8,41,0,0,0,2,0,0,3,435,659.0,98.0,305.0,106.3
86,Keane,Lewis-Potter,4,3,55,0.5,0.0,115,1960,3,4,9,32,0,0,0,1,0,0,5,356,378.2,332.2,353.0,106.4
87,Kristoffer,Ajer,4,2,45,1.3,0.0,76,1805,0,2,5,32,0,0,0,4,0,0,1,211,401.4,59.1,165.0,62.7
88,Michael,Kayode,4,2,45,4.1,0.0,113,3258,1,2,10,49,1,0,0,8,0,0,9,494,613.8,470.2,130.0,121.7
89,Rico,Henry,4,2,45,0.2,0.0,52,1322,0,2,4,22,0,0,0,2,0,0,0,144,151.6,82.0,35.0,26.9
90,Aaron,Hickey,4,2,45,0.1,0.0,37,679,0,0,2,9,0,0,0,1,0,0,0,105,101.4,17.1,43.0,16.0
91,Ethan,Pinnock,4,2,45,0.1,0.0,14,318,0,0,1,5,1,0,0,1,0,0,2,53,88.6,1.2,33.0,12.3
92,Kim,Ji-soo,4,2,45,0.0,0.0,0,0,0,0,0,0,0,0,0,0,0,0,0,0,0.0,0.0,0.0,0.0
93,Jannik,Schuster,4,2,45,0.1,0.0,0,0,0,0,0,0,0,0,0,0,0,0,0,0,0.0,0.0,0.0,0.0
94,Kevin,Schade,4,3,60,2.3,0.0,125,2744,8,5,11,34,0,0,1,6,1,0,5,385,536.8,380.1,821.0,172.8
95,Dango,Ouattara,4,3,65,1.3,0.0,136,2271,7,8,6,35,0,0,0,5,0,0,16,429,509.8,422.8,702.0,162.8
96,Mikkel,Damsgaard,4,3,55,0.7,0.0,113,2046,4,4,5,32,0,0,0,0,0,0,9,467,530.6,691.3,326.0,155.0
97,Mathias,Jensen,4,3,55,0.1,0.0,98,2239,3,2,9,33,0,0,0,3,0,0,1,465,435.6,632.7,201.0,126.9
98,Vitaly,Janelt,4,3,50,0.1,0.0,74,1434,1,4,5,21,0,0,0,8,0,0,6,334,350.4,351.8,97.0,79.0
99,Antoni,Milambo,4,3,50,0.0,0.0,1,45,0,0,0,3,0,0,0,0,0,0,0,5,4.0,1.8,0.0,0.6
100,Fábio,Freitas Gouveia Carvalho,4,3,50,0.0,0.0,13,100,1,0,0,4,0,0,0,0,0,0,1,42,39.0,6.5,36.0,8.1
102,Yehor,Yarmoliuk,4,3,50,1.5,0.0,104,2652,1,3,8,42,0,0,0,7,0,0,1,448,445.0,273.0,117.0,83.4
103,Josh,Dasilva,4,3,50,0.0,0.0,2,2,0,0,0,0,0,0,0,0,0,0,0,5,0.4,11.3,4.0,1.6
105,Jaidon,Anthony,4,3,60,0.2,0.0,0,0,0,0,0,0,0,0,0,0,0,0,0,0,0.0,0.0,0.0,0.0
106,Igor Thiago,Nascimento Rodrigues,4,4,80,15.9,0.0,181,3282,22,1,10,50,0,0,1,7,0,0,22,710,1019.4,382.5,1170.0,256.9
107,Kaye,Furo,4,4,45,0.9,0.0,1,1,0,0,0,0,0,0,0,0,0,0,0,2,0.0,0.0,0.0,0.0
108,Callum,Wilson,4,4,55,0.4,0.0,0,0,0,0,0,0,0,0,0,0,0,0,0,0,0.0,0.0,0.0,0.0
565,Mamadou,Sangaré,4,3,55,0.6,0.0,0,0,0,0,0,0,0,0,0,0,0,0,0,0,0.0,0.0,0.0,0.0
109,Bart,Verbruggen,5,1,45,16.8,0.0,130,3420,0,0,10,46,1,1,0,3,0,106,6,616,935.0,10.0,0.0,94.7
111,Jason,Steele,5,1,40,4.7,0.0,0,0,0,0,0,0,0,0,0,0,0,0,0,0,0.0,0.0,0.0,0.0
113,Ferdi,Kadıoğlu,5,2,45,3.0,0.0,118,3130,1,2,10,41,0,0,0,6,0,0,7,514,505.0,444.8,284.0,123.7
114,Olivier,Boscagli,5,2,45,0.1,0.0,39,799,0,1,3,10,0,0,0,2,0,0,4,171,215.6,82.2,12.0,31.1
115,Maxim,De Cuyper,5,2,45,1.4,0.0,84,1404,2,3,5,23,0,0,0,2,0,0,9,318,327.8,516.6,154.0,99.9
116,Lewis,Dunk,5,2,45,0.7,0.0,100,2837,1,1,7,40,0,0,0,10,0,0,5,443,649.6,125.5,210.0,98.7
117,Diego,Coppola,5,2,45,0.0,0.0,10,193,0,0,1,3,0,0,0,2,0,0,0,32,42.4,3.7,2.0,4.8
118,Igor Julio,dos Santos de Paulo,5,2,45,0.1,0.0,6,103,0,0,0,3,0,0,0,0,0,0,0,10,25.8,10.6,0.0,3.6
119,João Pedro,Loureiro da Costa,5,2,45,0.0,0.0,0,0,0,0,0,0,0,0,0,0,0,0,0,0,0.0,0.0,0.0,0.0
120,Michael,Svoboda,5,2,50,0.1,0.0,0,0,0,0,0,0,0,0,0,0,0,0,0,0,0.0,0.0,0.0,0.0
121,Mitoma,Kaoru,5,3,60,0.2,0.0,62,1714,3,1,5,20,0,0,0,5,0,0,2,247,288.4,422.3,416.0,112.3
122,Yankuba,Minteh,5,3,60,0.7,0.0,117,2389,3,8,11,33,0,0,0,3,0,0,9,466,491.8,691.4,617.0,180.3
123,Jack,Hinshelwood,5,3,60,0.3,0.0,91,1736,4,5,7,23,1,0,0,0,0,0,2,317,312.6,228.0,412.0,94.8
124,Pascal,Groß,5,3,55,7.7,0.0,78,1636,1,6,6,17,0,0,0,2,0,0,10,389,397.2,668.2,220.0,128.5
125,Georginio,Rutter,5,4,55,0.7,0.0,87,1776,3,5,7,20,1,0,0,2,0,0,2,290,338.6,349.5,448.0,113.5
126,Matt,O'Riley,5,3,55,0.1,0.0,16,202,1,0,1,3,0,0,0,0,0,0,2,48,65.4,67.7,63.0,19.6
127,Diego,Gómez Amarilla,5,3,50,1.8,0.0,97,2117,5,1,8,29,0,0,0,9,0,0,9,361,438.2,319.7,432.0,119.0
128,Facundo,Buonanotte,5,3,50,0.1,0.0,3,81,0,0,0,4,0,0,0,1,0,0,0,9,13.2,40.0,21.0,7.4
129,Yasin,Ayari,5,3,55,0.5,0.0,98,1921,3,4,6,24,0,0,0,1,0,0,7,406,359.8,251.3,231.0,84.5
130,Mats,Wieffer,5,2,50,0.3,0.0,94,1901,2,4,6,26,0,0,0,8,0,0,6,398,477.0,291.1,209.0,97.7
131,Carlos,Baleba,5,3,50,0.6,0.0,56,1646,0,0,7,19,0,0,0,5,0,0,0,231,166.8,156.3,44.0,36.8
132,Harry,Howell,5,3,45,0.3,0.0,4,92,0,0,0,2,0,0,0,0,0,0,0,11,10.2,5.1,2.0,1.8
133,Tom,Watson,5,3,50,0.0,0.0,5,57,0,0,0,2,0,0,0,1,0,0,0,15,6.0,2.4,7.0,1.6
134,Nehemiah,Oriola,5,3,45,0.2,0.0,1,1,0,0,0,0,0,0,0,0,0,0,0,3,0.0,0.0,0.0,0.0
135,Zadok,Yohanna,5,3,50,0.1,0.0,0,0,0,0,0,0,0,0,0,0,0,0,0,0,0.0,0.0,0.0,0.0
137,Stefanos,Tzimas,5,4,55,0.0,0.0,16,132,1,1,0,2,0,0,0,0,0,0,0,55,66.6,65.7,44.0,17.7
138,Charalampos,Kostoulas,5,4,55,0.3,0.0,35,351,2,1,1,9,0,0,0,2,0,0,3,140,143.6,126.5,255.0,52.4
139,Evan,Ferguson,5,4,50,0.0,0.0,0,0,0,0,0,0,0,0,0,0,0,0,0,0,0.0,0.0,0.0,0.0
328,Pascal,Struijk,5,2,50,0.5,0.0,108,2935,0,1,7,48,0,0,0,5,0,0,4,412,697.4,161.5,272.0,113.1
504,Luka,Vušković,5,2,50,3.0,0.0,0,0,0,0,0,0,0,0,0,0,0,0,0,0,0.0,0.0,0.0,0.0
40,Morgan,Rogers,6,3,75,30.6,0.0,169,3280,10,8,9,48,0,0,0,7,0,0,17,605,746.2,706.2,871.0,232.0
101,Jordan,Henderson,6,3,50,0.0,0.0,76,1911,1,3,6,28,0,0,0,6,0,0,5,343,336.6,358.3,49.0,74.4
136,Danny,Welbeck,6,4,60,2.8,0.0,126,2249,13,1,10,28,0,0,2,5,0,0,18,511,578.8,309.7,803.0,168.2
140,Robert,Lynch Sánchez,6,1,50,2.0,0.0,113,3040,0,1,9,49,0,0,0,3,1,98,7,509,822.2,50.0,0.0,86.7
141,Filip,Jörgensen,6,1,50,0.1,0.0,9,378,0,0,0,5,0,0,0,0,0,8,0,50,79.8,0.0,0.0,7.9
142,Reece,James,6,2,55,8.0,0.0,115,1957,2,6,8,20,0,0,0,4,0,0,11,493,459.0,483.7,116.0,106.1
143,Trevoh,Chalobah,6,2,55,2.0,0.0,136,2780,3,1,9,40,0,0,0,3,1,0,7,516,719.2,111.2,160.0,99.1
144,Malo,Gusto,6,2,50,1.2,0.0,96,2255,2,3,7,36,1,0,0,3,1,0,7,406,443.6,448.5,205.0,109.8
145,Wesley,Fofana,6,2,50,0.0,0.0,65,1718,0,2,4,25,0,0,0,5,2,0,3,288,463.6,65.6,74.0,60.4
146,Benoît,Badiashile Mukinayi,6,2,45,0.0,0.0,7,470,0,0,0,10,0,0,0,2,0,0,0,48,102.8,7.9,2.0,11.4
147,Tosin,Adarabioyo,6,2,45,0.1,0.0,34,788,0,0,2,14,0,0,0,2,0,0,2,130,240.4,33.3,19.0,29.3
148,Jorrel,Hato,6,2,45,1.2,0.0,19,1139,0,0,0,27,0,0,0,7,0,0,0,93,233.2,114.9,36.0,38.4
149,Levi,Samuels Colwill,6,2,50,1.8,0.0,8,225,0,0,0,4,0,0,0,0,0,0,0,30,66.0,7.6,6.0,8.0
150,Mamadou,Sarr,6,2,45,0.1,0.0,3,100,0,0,0,3,0,0,0,0,0,0,0,4,6.4,0.1,7.0,1.3
151,Josh,Acheampong,6,2,45,0.2,0.0,39,657,1,0,2,13,0,0,0,1,0,0,5,118,132.6,40.9,70.0,24.4
152,Marco,Palestra,6,2,55,1.5,0.0,0,0,0,0,0,0,0,0,0,0,0,0,0,0,0.0,0.0,0.0,0.0
153,Axel,Disasi,6,2,45,0.1,0.0,0,0,0,0,0,0,0,0,0,0,0,0,0,0,0.0,0.0,0.0,0.0
154,Cole,Palmer,6,3,95,12.6,0.0,114,1954,10,2,3,33,0,0,1,5,0,0,11,430,536.6,393.6,547.0,147.7
155,Enzo,Fernández,6,3,70,5.5,0.0,157,3114,10,5,8,46,0,0,0,10,0,0,19,700,835.6,1063.2,747.0,264.6
156,Pedro,Lomba Neto,6,3,65,1.3,0.0,125,2629,5,7,11,33,0,0,0,2,1,0,9,543,523.0,836.2,505.0,186.7
157,Estêvão,Almeida de Oliveira Gonçalves,6,3,65,1.7,0.0,58,839,2,5,4,11,0,0,0,4,0,0,4,172,183.4,230.9,314.0,72.6
158,Jamie,Bynoe-Gittens,6,3,60,0.1,0.0,25,486,0,2,1,7,0,0,0,0,0,0,0,99,93.0,130.4,91.0,31.3
159,Moisés,Caicedo Corozo,6,3,55,3.7,0.0,110,2796,3,1,6,47,0,0,0,11,1,0,10,580,562.4,403.1,128.0,109.2
161,Roméo,Lavia,6,3,50,0.0,0.0,13,374,0,0,0,10,0,0,0,0,0,0,0,81,34.4,46.6,14.0,9.5
163,Dário,Luís Essugo,6,3,45,0.2,0.0,1,26,0,0,0,1,0,0,0,2,0,0,0,7,11.4,2.1,2.0,1.6
164,Geovany,Quenda,6,3,55,0.0,0.0,0,0,0,0,0,0,0,0,0,0,0,0,0,0,0.0,0.0,0.0,0.0
165,João Pedro,Junqueira de Jesus,6,4,75,54.6,0.0,177,2658,15,9,10,36,0,0,0,5,0,0,30,715,758.4,456.6,909.0,212.1
166,Nicolas,Jackson,6,4,65,0.4,0.0,0,0,0,0,0,0,0,0,0,0,0,0,0,0,0.0,0.0,0.0,0.0
167,Liam,Delap,6,4,55,0.5,0.0,45,1092,1,2,2,18,0,0,0,4,0,0,1,123,67.8,73.7,349.0,47.3
168,Marc,Guiu Paz,6,4,50,0.4,0.0,13,265,0,1,0,3,0,0,0,1,0,0,0,19,24.6,40.1,86.0,13.1
169,Shumaira,Mheuka,6,4,45,0.4,0.0,1,1,0,0,0,0,0,0,0,0,0,0,0,3,2.0,0.3,0.0,0.2
170,Emmanuel,Emegha,6,4,50,0.2,0.0,0,0,0,0,0,0,0,0,0,0,0,0,0,0,0.0,0.0,0.0,0.0
200,Maxence,Lacroix,6,2,60,12.0,0.0,154,3085,1,2,11,47,0,0,0,4,1,0,11,529,822.0,106.4,316.0,124.3
560,Mike,Penders,6,1,45,0.1,0.0,0,0,0,0,0,0,0,0,0,0,0,0,0,0,0.0,0.0,0.0,0.0
561,Aaron,Anselmino,6,2,45,0.0,0.0,0,0,0,0,0,0,0,0,0,0,0,0,0,0,0.0,0.0,0.0,0.0
568,Valentín,Barco,6,3,55,0.0,0.0,0,0,0,0,0,0,0,0,0,0,0,0,0,0,0.0,0.0,0.0,0.0
104,Frank,Onyeka,7,3,50,0.2,0.0,12,88,0,2,0,2,0,0,0,0,0,0,0,41,28.4,13.6,4.0,4.6
110,Carl,Rushworth,7,1,45,0.7,0.0,0,0,0,0,0,0,0,0,0,0,0,0,0,0,0.0,0.0,0.0,0.0
171,Oliver,Dovin,7,1,40,3.0,0.0,0,0,0,0,0,0,0,0,0,0,0,0,0,0,0.0,0.0,0.0,0.0
172,Ben,Wilson,7,1,45,0.7,0.0,0,0,0,0,0,0,0,0,0,0,0,0,0,0,0.0,0.0,0.0,0.0
173,Bobby,Thomas,7,2,40,8.8,0.0,0,0,0,0,0,0,0,0,0,0,0,0,0,0,0.0,0.0,0.0,0.0
174,Liam,Kitching,7,2,40,0.4,0.0,0,0,0,0,0,0,0,0,0,0,0,0,0,0,0.0,0.0,0.0,0.0
175,Milan,van Ewijk,7,2,40,16.6,0.0,0,0,0,0,0,0,0,0,0,0,0,0,0,0,0.0,0.0,0.0,0.0
176,Jay,Dasilva,7,2,40,0.4,0.0,0,0,0,0,0,0,0,0,0,0,0,0,0,0,0.0,0.0,0.0,0.0
177,Kaine,Kesler-Hayden,7,2,40,0.1,0.0,0,0,0,0,0,0,0,0,0,0,0,0,0,0,0.0,0.0,0.0,0.0
178,Jake,Bidwell,7,2,40,0.1,0.0,0,0,0,0,0,0,0,0,0,0,0,0,0,0,0.0,0.0,0.0,0.0
179,Joel,Latibeaudiere,7,2,40,0.1,0.0,0,0,0,0,0,0,0,0,0,0,0,0,0,0,0.0,0.0,0.0,0.0
180,Luke,Woolfenden,7,2,40,0.3,0.0,0,0,0,0,0,0,0,0,0,0,0,0,0,0,0.0,0.0,0.0,0.0
181,Miguel,Brau,7,2,40,0.1,0.0,0,0,0,0,0,0,0,0,0,0,0,0,0,0,0.0,0.0,0.0,0.0
182,Aurèle,Amenda,7,2,40,0.5,0.0,0,0,0,0,0,0,0,0,0,0,0,0,0,0,0.0,0.0,0.0,0.0
183,Jack,Rudoni,7,3,50,0.3,0.0,0,0,0,0,0,0,0,0,0,0,0,0,0,0,0.0,0.0,0.0,0.0
184,Matt,Grimes,7,3,50,0.2,0.0,0,0,0,0,0,0,0,0,0,0,0,0,0,0,0.0,0.0,0.0,0.0
185,Tatsuhiro,Sakamoto,7,3,50,0.1,0.0,0,0,0,0,0,0,0,0,0,0,0,0,0,0,0.0,0.0,0.0,0.0
186,Ephron,Mason-Clark,7,3,55,0.3,0.0,0,0,0,0,0,0,0,0,0,0,0,0,0,0,0.0,0.0,0.0,0.0
187,Josh,Eccles,7,3,50,0.0,0.0,0,0,0,0,0,0,0,0,0,0,0,0,0,0,0.0,0.0,0.0,0.0
188,Victor,Torp,7,3,55,0.2,0.0,0,0,0,0,0,0,0,0,0,0,0,0,0,0,0.0,0.0,0.0,0.0
189,George,Shepherd,7,3,45,0.3,0.0,0,0,0,0,0,0,0,0,0,0,0,0,0,0,0.0,0.0,0.0,0.0
190,Loum,Tchaouna,7,3,55,0.1,0.0,0,0,0,0,0,0,0,0,0,0,0,0,0,0,0.0,0.0,0.0,0.0
191,Raphael,Borges Rodrigues,7,3,45,0.2,0.0,0,0,0,0,0,0,0,0,0,0,0,0,0,0,0.0,0.0,0.0,0.0
192,Kaine,Andrews,7,3,45,0.7,0.0,0,0,0,0,0,0,0,0,0,0,0,0,0,0,0.0,0.0,0.0,0.0
193,Haji,Wright,7,4,55,1.8,0.0,0,0,0,0,0,0,0,0,0,0,0,0,0,0,0.0,0.0,0.0,0.0
194,Brandon,Thomas-Asante,7,4,50,0.9,0.0,0,0,0,0,0,0,0,0,0,0,0,0,0,0,0.0,0.0,0.0,0.0
195,Ellis,Simms,7,4,50,0.6,0.0,0,0,0,0,0,0,0,0,0,0,0,0,0,0,0.0,0.0,0.0,0.0
196,Jahnoah,Markelo,7,4,50,0.1,0.0,0,0,0,0,0,0,0,0,0,0,0,0,0,0,0.0,0.0,0.0,0.0
197,Norman,Bassette,7,4,45,0.5,0.0,0,0,0,0,0,0,0,0,0,0,0,0,0,0,0.0,0.0,0.0,0.0
198,Dean,Henderson,8,1,50,3.1,0.0,131,3330,0,0,11,51,0,1,0,5,0,106,7,538,837.8,10.0,0.0,84.7
199,Walter,Benítez,8,1,45,0.1,0.0,7,90,0,0,1,0,0,0,0,0,0,3,0,29,22.8,0.0,0.0,2.3
201,Daniel,Muñoz Mejía,8,2,55,11.8,0.0,136,2400,4,4,10,33,0,0,0,7,0,0,9,469,595.0,396.6,404.0,139.5
202,Chris,Richards,8,2,50,0.8,0.0,128,2825,1,0,11,42,0,0,0,4,0,0,5,453,727.2,159.6,185.0,107.6
203,Jaydee,Canvot,8,2,50,0.6,0.0,72,1331,0,0,5,23,0,0,0,3,0,0,9,216,362.4,63.8,56.0,48.1
204,Tyrick,Mitchell,8,2,45,7.0,0.0,135,3253,1,3,12,47,0,0,0,6,0,0,8,498,649.0,467.3,241.0,136.0
205,Borna,Sosa,8,2,45,0.0,0.0,6,99,0,0,0,2,0,0,0,1,0,0,0,9,12.6,24.1,8.0,4.5
206,Chadi,Riad Dnanou,8,2,45,0.1,0.0,20,550,0,1,1,8,0,0,0,2,0,0,0,84,117.8,23.9,41.0,18.3
207,Oscar,Mingueza,8,2,45,0.1,0.0,0,0,0,0,0,0,0,0,0,0,0,0,0,0,0.0,0.0,0.0,0.0
208,Ismaïla,Sarr,8,3,65,9.7,0.0,117,2173,9,2,9,29,0,0,0,2,0,0,9,359,479.8,269.4,601.0,135.1
209,Brennan,Johnson,8,3,60,0.2,0.0,65,1710,2,1,6,24,0,0,0,6,0,0,2,217,223.4,311.1,230.0,75.8
210,Adam,Wharton,8,3,55,0.2,0.0,112,2552,1,6,8,43,0,0,0,4,1,0,8,511,494.4,720.0,180.0,139.6
211,Yéremy,Pino Santos,8,3,55,0.2,0.0,77,2074,2,2,7,28,0,0,0,4,0,0,3,331,325.8,718.4,371.0,141.4
212,Will,Hughes,8,3,45,11.1,0.0,45,1560,0,1,5,18,0,0,0,7,0,0,0,217,198.0,322.9,90.0,60.9
213,Jefferson,Lerma Solís,8,3,50,0.1,0.0,69,1722,0,5,7,25,2,0,0,7,0,0,3,296,287.6,207.2,233.0,72.5
214,Daichi,Kamada,8,3,50,0.3,0.0,67,1899,0,2,6,28,0,0,0,3,0,0,0,331,239.2,350.1,155.0,74.5
215,Justin,Devenny,8,3,50,0.0,0.0,36,785,1,0,1,15,0,0,0,0,0,0,0,108,115.0,101.8,168.0,38.4
216,Romain,Esse,8,3,50,0.1,0.0,4,40,0,0,0,0,0,0,0,0,0,0,0,12,6.8,2.7,6.0,1.5
217,Matheus,França de Oliveira,8,3,50,0.0,0.0,0,0,0,0,0,0,0,0,0,0,0,0,0,0,0.0,0.0,0.0,0.0
218,Cheick,Doucouré,8,3,50,0.1,0.0,0,0,0,0,0,0,0,0,0,0,0,0,0,0,0.0,0.0,0.0,0.0
219,Jesurun,Rak-Sakyi,8,3,50,0.0,0.0,0,0,0,0,0,0,0,0,0,0,0,0,0,0,0.0,0.0,0.0,0.0
220,Rio,Cardines,8,2,45,0.0,0.0,2,90,0,0,0,2,0,0,0,0,0,0,0,21,15.2,30.0,4.0,4.9
221,Joél,Drakes-Thomas,8,3,45,0.1,0.0,2,7,0,0,0,1,0,0,0,0,0,0,0,6,1.4,1.0,0.0,0.3
222,Jørgen,Strand Larsen,8,4,60,0.6,0.0,75,2301,4,1,5,41,0,0,1,4,0,0,3,215,265.2,203.1,469.0,91.5
223,Jean-Philippe,Mateta,8,4,65,7.0,0.0,114,2210,12,0,8,29,0,0,0,2,0,0,13,397,567.2,160.6,786.0,150.8
224,Eddie,Nketiah,8,4,55,0.5,0.0,23,414,2,0,0,12,0,0,0,2,0,0,3,100,120.0,84.6,173.0,37.8
225,Christantus,Uche,8,4,50,0.0,0.0,17,159,0,1,0,4,0,0,0,0,0,0,0,42,13.2,7.1,73.0,8.8
555,Remi,Matthews,8,1,40,1.7,0.0,0,0,0,0,0,0,0,0,0,0,0,0,0,0,0.0,0.0,0.0,0.0
226,Jordan,Pickford,9,1,55,9.0,0.0,135,3420,0,0,11,50,0,1,0,4,0,100,11,545,885.2,20.3,2.0,90.8
227,Mark,Travers,9,1,50,0.1,0.0,0,0,0,0,0,0,0,0,0,0,0,0,0,0,0.0,0.0,0.0,0.0
228,Tom,King,9,1,45,0.1,0.0,0,0,0,0,0,0,0,0,0,0,0,0,0,0,0.0,0.0,0.0,0.0
229,James,Tarkowski,9,2,60,9.9,0.0,170,3330,2,3,11,48,0,0,0,8,0,0,12,592,995.6,235.6,422.0,165.7
230,Jarrad,Branthwaite,9,2,55,1.9,0.0,32,678,1,1,1,9,0,0,0,1,0,0,0,108,175.0,42.8,75.0,29.3
231,Michael,Keane,9,2,50,1.5,0.0,131,2588,3,1,7,42,0,0,0,1,1,0,8,404,770.4,47.4,299.0,111.7
232,Jake,O'Brien,9,2,50,0.5,0.0,116,3118,1,3,10,46,0,0,0,6,1,0,2,368,582.8,282.9,206.0,107.5
233,Vitalii,Mykolenko,9,2,45,1.4,0.0,95,2959,0,1,9,47,1,0,0,6,0,0,2,350,559.2,394.1,71.0,102.3
234,Nathan,Patterson,9,2,45,0.0,0.0,22,238,0,0,2,2,0,0,0,0,0,0,0,67,65.6,6.4,17.0,8.8
235,Adam,Aznou,9,2,40,0.2,0.0,0,0,0,0,0,0,0,0,0,0,0,0,0,0,0.0,0.0,0.0,0.0
236,Kiernan,Dewsbury-Hall,9,3,65,4.0,0.0,151,2629,8,7,8,39,0,0,0,6,0,0,18,598,619.4,601.1,438.0,166.0
237,Iliman,Ndiaye,9,3,60,16.8,0.0,128,2781,6,3,8,44,0,0,0,2,0,0,7,540,605.8,479.2,578.0,166.5
239,James,Garner,9,3,60,0.8,0.0,159,3413,2,7,11,50,0,0,0,12,0,0,13,818,887.0,958.0,237.0,208.4
240,Tim,Iroegbunam,9,3,50,0.1,0.0,68,1477,0,3,8,18,0,0,0,9,0,0,1,225,255.0,125.2,81.0,45.9
241,Dwight,McNeil,9,3,55,0.1,0.0,53,1161,0,3,6,9,0,0,0,1,0,0,1,186,140.6,242.4,138.0,52.2
242,Tyrique,George,9,3,55,0.1,0.0,16,351,0,0,1,9,0,0,0,2,0,0,0,55,44.2,66.2,132.0,23.9
243,Carlos,Alcaraz Durán,9,3,50,0.1,0.0,29,679,0,1,3,10,0,0,0,4,0,0,0,121,93.8,161.9,162.0,41.8
244,Harrison,Armstrong,9,3,50,0.1,0.0,21,524,0,0,1,11,0,0,0,0,0,0,0,84,60.0,69.7,78.0,21.0
245,Tyler,Dibling,9,3,55,0.1,0.0,18,349,0,0,2,2,0,0,0,2,0,0,0,49,46.0,61.0,32.0,13.6
246,Merlin,Röhl,9,3,50,0.1,0.0,36,675,1,1,2,13,0,0,0,0,0,0,2,98,113.0,87.4,62.0,26.3
247,Hayden,Hackney,9,3,55,0.3,0.0,0,0,0,0,0,0,0,0,0,0,0,0,0,0,0.0,0.0,0.0,0.0
248,Norberto Bercique,Gomes Betuncal,9,4,55,3.2,0.0,104,1551,9,1,5,19,0,0,0,3,0,0,15,343,445.8,159.8,655.0,124.5
249,Thierno,Barry,9,4,55,0.9,0.0,95,1898,8,0,7,34,0,0,0,3,0,0,9,295,341.0,207.7,501.0,102.5
250,Bernd,Leno,10,1,45,3.1,0.0,122,3420,0,0,9,51,1,0,0,3,0,98,8,556,816.2,0.0,0.0,81.5
251,Benjamin,Lecomte,10,1,40,1.4,0.0,0,0,0,0,0,0,0,0,0,0,0,0,0,0,0.0,0.0,0.0,0.0
252,Alfie,McNally,10,1,40,0.3,0.0,0,0,0,0,0,0,0,0,0,0,0,0,0,0,0.0,0.0,0.0,0.0
253,Joachim,Andersen,10,2,50,0.1,0.0,123,2882,0,1,8,45,0,0,0,7,1,0,8,424,790.6,131.0,148.0,107.0
254,Antonee,Robinson,10,2,45,2.8,0.0,65,1487,1,0,4,19,0,0,0,5,0,0,7,280,375.0,334.6,82.0,79.3
255,Jorge,Cuenca Barreno,10,2,45,0.0,0.0,39,935,0,0,2,11,0,0,0,6,0,0,1,155,249.6,47.2,14.0,31.2
256,Kenny,Tete,10,2,45,0.2,0.0,81,1791,1,0,6,25,0,0,0,2,0,0,5,318,416.0,214.1,108.0,73.9
257,Calvin,Bassey,10,2,45,0.5,0.0,103,2532,1,1,7,40,0,0,0,5,0,0,9,392,574.0,152.2,115.0,84.5
258,Timothy,Castagne,10,2,45,0.2,0.0,61,1838,0,2,3,31,0,0,0,4,0,0,3,294,373.0,292.2,195.0,86.2
261,Alex,Iwobi,10,3,55,0.9,0.0,103,2420,4,3,5,40,0,0,0,3,0,0,13,508,511.2,739.4,343.0,159.4
262,Emile,Smith Rowe,10,3,55,0.4,0.0,80,1909,3,1,6,27,0,0,0,1,0,0,1,351,291.6,330.0,404.0,102.6
263,Kevin,Santos Lopes de Macedo,10,3,55,0.1,0.0,49,1030,1,3,4,15,0,0,0,1,0,0,0,183,216.0,246.6,243.0,70.4
264,Oscar,Bobb,10,3,55,0.4,0.0,42,1030,0,2,4,13,0,0,0,1,0,0,0,182,140.4,315.4,205.0,66.4
265,Sander,Berge,10,3,50,0.4,0.0,91,2904,0,3,8,45,1,0,0,5,0,0,3,503,437.8,365.1,105.0,91.0
266,Tom,Cairney,10,3,50,0.0,0.0,41,756,2,0,2,10,0,0,0,3,0,0,1,181,153.4,195.6,64.0,41.4
267,Saša,Lukić,10,3,50,0.1,0.0,67,1730,1,4,6,22,0,0,0,9,0,0,4,314,317.6,441.6,176.0,93.4
268,Josh,King,10,3,55,0.1,0.0,63,1290,1,3,5,18,0,0,0,4,0,0,3,225,207.4,198.7,336.0,73.3
269,Ryan,Sessegnon,10,2,45,0.4,0.0,95,1816,3,3,6,29,0,0,0,0,0,0,8,332,413.8,225.0,229.0,86.7
270,Harrison,Reed,10,3,45,1.1,0.0,15,89,1,0,0,4,0,0,0,0,0,0,2,48,42.0,44.4,11.0,9.7
271,Rodrigo,Muniz Carvalho,10,4,55,0.7,0.0,36,987,1,1,3,13,1,0,0,2,0,0,3,94,113.2,93.2,287.0,47.3
272,Jonah,Kusi-Asare,10,4,45,8.2,0.0,6,49,0,0,0,2,0,0,0,1,0,0,0,19,3.2,12.0,8.0,2.3
273,Dillon,Phillips,11,1,40,2.1,0.0,0,0,0,0,0,0,0,0,0,0,0,0,0,0,0.0,0.0,0.0,0.0
274,Jack,Butland,11,1,45,1.0,0.0,0,0,0,0,0,0,0,0,0,0,0,0,0,0,0.0,0.0,0.0,0.0
275,Harvey,Cartwright,11,1,40,0.1,0.0,0,0,0,0,0,0,0,0,0,0,0,0,0,0,0.0,0.0,0.0,0.0
276,Thimothée,Lo-Tutala,11,1,40,0.2,0.0,0,0,0,0,0,0,0,0,0,0,0,0,0,0,0.0,0.0,0.0,0.0
277,John,Egan,11,2,40,0.8,0.0,0,0,0,0,0,0,0,0,0,0,0,0,0,0,0.0,0.0,0.0,0.0
278,Charlie,Hughes,11,2,40,1.4,0.0,0,0,0,0,0,0,0,0,0,0,0,0,0,0,0.0,0.0,0.0,0.0
279,Semi,Ajayi,11,2,40,0.6,0.0,0,0,0,0,0,0,0,0,0,0,0,0,0,0,0.0,0.0,0.0,0.0
280,Lewie,Coyle,11,2,40,0.3,0.0,0,0,0,0,0,0,0,0,0,0,0,0,0,0,0.0,0.0,0.0,0.0
281,Cody,Drameh,11,2,40,0.1,0.0,0,0,0,0,0,0,0,0,0,0,0,0,0,0,0.0,0.0,0.0,0.0
282,Ryan,Giles,11,2,40,0.6,0.0,0,0,0,0,0,0,0,0,0,0,0,0,0,0,0.0,0.0,0.0,0.0
283,Matty,Jacob,11,2,40,0.1,0.0,0,0,0,0,0,0,0,0,0,0,0,0,0,0,0.0,0.0,0.0,0.0
284,Cathal,McCarthy,11,2,40,0.1,0.0,0,0,0,0,0,0,0,0,0,0,0,0,0,0,0.0,0.0,0.0,0.0
285,Paddy,McNair,11,2,40,0.1,0.0,0,0,0,0,0,0,0,0,0,0,0,0,0,0,0.0,0.0,0.0,0.0
286,Mohamed,Belloumi,11,3,50,0.6,0.0,0,0,0,0,0,0,0,0,0,0,0,0,0,0,0.0,0.0,0.0,0.0
287,Liam,Millar,11,3,50,0.1,0.0,0,0,0,0,0,0,0,0,0,0,0,0,0,0,0.0,0.0,0.0,0.0
288,Kieran,Dowell,11,3,45,0.5,0.0,0,0,0,0,0,0,0,0,0,0,0,0,0,0,0.0,0.0,0.0,0.0
289,Matt,Crooks,11,3,45,0.7,0.0,0,0,0,0,0,0,0,0,0,0,0,0,0,0,0.0,0.0,0.0,0.0
290,Regan,Slater,11,3,45,1.8,0.0,0,0,0,0,0,0,0,0,0,0,0,0,0,0,0.0,0.0,0.0,0.0
291,Eliot,Matazo,11,3,45,0.0,0.0,0,0,0,0,0,0,0,0,0,0,0,0,0,0,0.0,0.0,0.0,0.0
292,Abdülkadir,Ömür,11,3,50,0.0,0.0,0,0,0,0,0,0,0,0,0,0,0,0,0,0,0.0,0.0,0.0,0.0
293,Abu,Kamara,11,3,50,0.1,0.0,0,0,0,0,0,0,0,0,0,0,0,0,0,0,0.0,0.0,0.0,0.0
294,Óscar,Zambrano,11,3,45,0.6,0.0,0,0,0,0,0,0,0,0,0,0,0,0,0,0,0.0,0.0,0.0,0.0
295,Oli,McBurnie,11,4,55,1.9,0.0,0,0,0,0,0,0,0,0,0,0,0,0,0,0,0.0,0.0,0.0,0.0
296,David,Akintola,11,3,50,0.0,0.0,0,0,0,0,0,0,0,0,0,0,0,0,0,0,0.0,0.0,0.0,0.0
297,Darko,Gyabi,11,3,45,0.2,0.0,0,0,0,0,0,0,0,0,0,0,0,0,0,0,0.0,0.0,0.0,0.0
298,Enis,Destan,11,4,45,2.6,0.0,0,0,0,0,0,0,0,0,0,0,0,0,0,0,0.0,0.0,0.0,0.0
299,Mason,Burstow,11,4,45,0.9,0.0,0,0,0,0,0,0,0,0,0,0,0,0,0,0,0.0,0.0,0.0,0.0
556,Matt,Targett,11,2,40,2.5,0.0,0,0,0,0,0,0,0,0,0,0,0,0,0,0,0.0,0.0,0.0,0.0
563,Hidemasa,Morita,11,3,50,0.1,0.0,0,0,0,0,0,0,0,0,0,0,0,0,0,0,0.0,0.0,0.0,0.0
259,Issa,Diop,12,2,40,19.9,0.0,31,812,1,0,1,13,0,0,0,2,0,0,3,103,190.8,8.0,31.0,23.0
300,Christian,Walton,12,1,45,0.6,0.0,0,0,0,0,0,0,0,0,0,0,0,0,0,0,0.0,0.0,0.0,0.0
301,Alex,Palmer,12,1,40,5.8,0.0,0,0,0,0,0,0,0,0,0,0,0,0,0,0,0.0,0.0,0.0,0.0
302,David,Button,12,1,40,0.6,0.0,0,0,0,0,0,0,0,0,0,0,0,0,0,0,0.0,0.0,0.0,0.0
303,Cédric,Kipré,12,2,40,0.3,0.0,0,0,0,0,0,0,0,0,0,0,0,0,0,0,0.0,0.0,0.0,0.0
304,Dara,O'Shea,12,2,40,1.4,0.0,0,0,0,0,0,0,0,0,0,0,0,0,0,0,0.0,0.0,0.0,0.0
305,Leif,Davis,12,2,40,3.5,0.0,0,0,0,0,0,0,0,0,0,0,0,0,0,0,0.0,0.0,0.0,0.0
306,Jacob,Greaves,12,2,40,0.5,0.0,0,0,0,0,0,0,0,0,0,0,0,0,0,0,0.0,0.0,0.0,0.0
307,Ben,Johnson,12,2,40,0.1,0.0,0,0,0,0,0,0,0,0,0,0,0,0,0,0,0.0,0.0,0.0,0.0
308,Darnell,Furlong,12,2,40,0.3,0.0,0,0,0,0,0,0,0,0,0,0,0,0,0,0,0.0,0.0,0.0,0.0
309,Marcelino,Núñez,12,3,50,0.2,0.0,0,0,0,0,0,0,0,0,0,0,0,0,0,0,0.0,0.0,0.0,0.0
310,Azor,Matusiwa,12,3,50,0.1,0.0,0,0,0,0,0,0,0,0,0,0,0,0,0,0,0.0,0.0,0.0,0.0
311,Wes,Burns,12,3,50,0.1,0.0,0,0,0,0,0,0,0,0,0,0,0,0,0,0,0.0,0.0,0.0,0.0
312,Jack,Taylor,12,3,45,0.3,0.0,0,0,0,0,0,0,0,0,0,0,0,0,0,0,0.0,0.0,0.0,0.0
313,Jack,Clarke,12,3,55,0.3,0.0,0,0,0,0,0,0,0,0,0,0,0,0,0,0,0.0,0.0,0.0,0.0
314,Chiedozie,Ogbene,12,3,50,0.0,0.0,0,0,0,0,0,0,0,0,0,0,0,0,0,0,0.0,0.0,0.0,0.0
315,Abdul,Fatawu,12,3,55,0.3,0.0,0,0,0,0,0,0,0,0,0,0,0,0,0,0,0.0,0.0,0.0,0.0
316,Emersonn,Correia da Silva,12,4,55,0.3,0.0,0,0,0,0,0,0,0,0,0,0,0,0,0,0,0.0,0.0,0.0,0.0
317,George,Hirst,12,4,50,0.5,0.0,0,0,0,0,0,0,0,0,0,0,0,0,0,0,0.0,0.0,0.0,0.0
318,Jaden,Philogene,12,3,55,0.2,0.0,0,0,0,0,0,0,0,0,0,0,0,0,0,0,0.0,0.0,0.0,0.0
319,Sam,Szmodics,12,3,50,0.1,0.0,0,0,0,0,0,0,0,0,0,0,0,0,0,0,0.0,0.0,0.0,0.0
320,Chuba,Akpom,12,4,50,0.5,0.0,0,0,0,0,0,0,0,0,0,0,0,0,0,0,0.0,0.0,0.0,0.0
321,Sindre,Walle Egeli,12,4,45,2.2,0.0,0,0,0,0,0,0,0,0,0,0,0,0,0,0,0.0,0.0,0.0,0.0
322,Ali,Al-Hamadi,12,4,50,0.2,0.0,0,0,0,0,0,0,0,0,0,0,0,0,0,0,0.0,0.0,0.0,0.0
323,Kasey,McAteer,12,3,45,1.7,0.0,0,0,0,0,0,0,0,0,0,0,0,0,0,0,0.0,0.0,0.0,0.0
324,Anis,Mehmeti,12,3,50,0.1,0.0,0,0,0,0,0,0,0,0,0,0,0,0,0,0,0.0,0.0,0.0,0.0
554,Kayne,van Oevelen,12,1,45,0.1,0.0,0,0,0,0,0,0,0,0,0,0,0,0,0,0,0.0,0.0,0.0,0.0
562,Daizen,Maeda,12,3,55,0.4,0.0,0,0,0,0,0,0,0,0,0,0,0,0,0,0,0.0,0.0,0.0,0.0
564,Kjell,Scherpen,12,1,45,0.2,0.0,0,0,0,0,0,0,0,0,0,0,0,0,0,0,0.0,0.0,0.0,0.0
260,Harry,Wilson,13,3,65,8.6,0.0,168,2674,10,9,9,38,0,0,0,7,0,0,21,637,707.2,661.1,601.0,196.9
326,Lucas Estella,Perri,13,1,45,0.7,0.0,43,1440,0,0,3,29,0,0,0,2,0,38,3,153,322.4,0.0,0.0,32.2
327,Jaka,Bijol,13,2,50,0.3,0.0,99,1888,1,3,5,26,0,0,0,4,0,0,6,323,531.8,84.5,243.0,86.0
329,Joe,Rodon,13,2,45,1.8,0.0,109,2952,2,0,6,53,0,0,0,3,0,0,5,373,707.2,137.3,242.0,109.1
330,Jayden,Bogle,13,2,45,0.4,0.0,96,2795,1,5,6,44,0,0,0,6,0,0,1,311,436.0,346.1,218.0,100.3
331,Gabriel,Gudmundsson,13,2,45,0.5,0.0,68,2637,0,0,5,45,1,0,0,4,1,0,8,286,442.6,363.7,158.0,96.4
332,James,Justin,13,2,45,0.5,0.0,94,1893,2,1,6,26,0,0,0,4,0,0,9,338,469.8,190.9,220.0,88.3
333,Sebastiaan,Bornauw,13,2,45,0.0,0.0,25,429,0,0,2,5,0,0,0,1,0,0,0,73,98.6,6.3,19.0,12.2
334,Tarik,Muharemović,13,2,50,1.3,0.0,0,0,0,0,0,0,0,0,0,0,0,0,0,0,0.0,0.0,0.0,0.0
335,Anton,Stach,13,3,60,1.4,0.0,137,2369,5,6,7,36,0,0,0,3,0,0,14,550,650.0,921.4,315.0,188.8
336,Noah,Okafor,13,3,60,0.7,0.0,109,1553,8,3,6,26,0,0,0,3,0,0,11,354,438.8,275.0,435.0,115.0
337,Brenden,Aaronson,13,3,55,0.8,0.0,126,2449,4,8,9,32,0,0,0,3,0,0,5,446,482.8,486.7,498.0,146.7
338,Ethan,Ampadu,13,3,55,1.4,0.0,134,3119,1,4,8,49,0,0,0,10,0,0,11,586,592.2,384.8,166.0,114.7
339,Sean,Longstaff,13,3,50,0.2,0.0,56,1003,2,2,1,20,0,0,0,2,0,0,5,273,291.8,403.7,116.0,81.2
340,Joe,Gelhardt,13,3,50,0.0,0.0,0,0,0,0,0,0,0,0,0,0,0,0,0,0,0.0,0.0,0.0,0.0
341,Wilfried,Gnonto,13,3,50,0.1,0.0,32,521,0,3,1,14,0,0,0,3,0,0,0,134,85.2,129.3,61.0,27.5
342,Jack,Harrison,13,3,50,0.0,0.0,12,262,0,0,0,5,0,0,0,0,0,0,0,51,30.0,49.4,35.0,11.5
343,Daniel,James,13,3,50,0.1,0.0,23,547,0,0,1,16,0,0,0,0,0,0,0,93,70.8,133.1,133.0,33.9
344,Ilia,Gruev,13,3,50,0.0,0.0,56,1318,0,4,5,23,0,0,0,3,0,0,3,245,199.4,171.0,64.0,43.2
345,Tanaka,Ao,13,3,50,0.3,0.0,67,1307,2,1,3,22,0,0,0,1,0,0,4,288,224.2,307.6,104.0,63.6
346,Dominic,Calvert-Lewin,13,4,60,22.1,0.0,142,2721,14,2,8,34,0,0,1,3,0,0,20,472,619.6,311.1,1026.0,194.7
347,Lukas,Nmecha,13,4,55,0.6,0.0,73,1065,6,1,3,23,0,0,1,0,0,0,8,268,290.4,153.5,434.0,87.8
348,Joël,Piroe,13,4,50,0.5,0.0,17,244,0,0,1,9,0,0,0,0,0,0,0,42,13.6,38.1,120.0,16.5
349,Mateo,Joseph Fernández-Regatillo,13,4,45,0.3,0.0,0,0,0,0,0,0,0,0,0,0,0,0,0,0,0.0,0.0,0.0,0.0
350,Alisson,Becker,14,1,55,4.1,0.0,91,2340,0,0,8,31,0,0,0,1,0,57,8,389,479.8,0.1,0.0,47.8
351,Giorgi,Mamardashvili,14,1,50,0.2,0.0,34,867,0,0,2,18,0,1,0,0,0,34,2,139,275.6,0.0,0.0,27.5
352,Freddie,Woodman,14,1,40,1.3,0.0,6,212,0,0,0,4,0,0,0,0,0,9,0,34,83.8,0.0,0.0,8.4
353,Armin,Pecsi,14,1,40,0.1,0.0,0,0,0,0,0,0,0,0,0,0,0,0,0,0,0.0,0.0,0.0,0.0
354,Vitezslav,Jaros,14,1,40,0.0,0.0,0,0,0,0,0,0,0,0,0,0,0,0,0,0,0.0,0.0,0.0,0.0
355,Harvey,Davies,14,1,40,0.1,0.0,0,0,0,0,0,0,0,0,0,0,0,0,0,0,0.0,0.0,0.0,0.0
356,Virgil,van Dijk,14,2,65,16.2,0.0,175,3420,6,1,10,53,0,0,0,4,0,0,10,593,1169.4,215.9,490.0,187.6
357,Jeremie,Frimpong,14,2,55,3.0,0.0,63,1032,0,5,5,13,0,0,0,1,0,0,1,237,133.2,244.6,186.0,56.5
358,Milos,Kerkez,14,2,55,5.8,0.0,85,2251,2,1,6,37,0,0,0,4,0,0,4,357,434.6,415.8,141.0,99.4
359,Joe,Gomez,14,2,50,0.1,0.0,33,594,0,2,2,14,0,0,0,4,0,0,2,94,122.8,77.8,31.0,23.2
360,Conor,Bradley,14,2,50,0.0,0.0,42,928,0,2,4,13,0,0,0,5,0,0,2,157,157.4,105.2,62.0,32.3
361,Wellity,Lucky,14,2,40,0.1,0.0,0,0,0,0,0,0,0,0,0,0,0,0,0,0,0.0,0.0,0.0,0.0
362,Jeremy,Jacquet,14,2,50,2.0,0.0,0,0,0,0,0,0,0,0,0,0,0,0,0,0,0.0,0.0,0.0,0.0
363,Giovanni,Leoni,14,2,40,0.1,0.0,0,0,0,0,0,0,0,0,0,0,0,0,0,0,0.0,0.0,0.0,0.0
364,Kostas,Tsimikas,14,2,50,0.1,0.0,0,0,0,0,0,0,0,0,0,0,0,0,0,0,0.0,0.0,0.0,0.0
365,Calvin,Ramsay,14,2,40,0.2,0.0,0,0,0,0,0,0,0,0,0,0,0,0,0,0,0.0,0.0,0.0,0.0
366,Florian,Wirtz,14,3,75,12.1,0.0,125,2374,5,4,10,32,0,0,0,1,0,0,17,521,526.4,908.2,665.0,210.0
367,Cody,Gakpo,14,3,70,3.5,0.0,131,2736,7,5,10,39,0,0,0,3,0,0,5,449,540.4,714.7,831.0,208.4
368,Dominik,Szoboszlai,14,3,70,47.5,0.0,160,3232,6,7,9,52,0,0,1,8,1,0,21,780,867.8,1324.6,417.0,260.9
369,Rio,Ngumoha,14,3,60,1.7,0.0,43,547,2,1,2,12,0,0,0,0,0,0,4,188,176.0,222.8,203.0,60.1
370,Federico,Chiesa,14,3,55,0.2,0.0,37,317,2,1,0,9,0,0,0,3,0,0,0,135,122.0,47.5,182.0,34.9
371,Ryan,Gravenberch,14,3,60,1.9,0.0,144,2991,5,5,9,42,0,0,0,5,0,0,17,671,687.0,497.2,220.0,140.1
372,Alexis,Mac Allister,14,3,55,1.9,0.0,108,2654,2,5,7,41,0,0,0,7,0,0,9,490,475.4,562.2,365.0,139.9
373,Curtis,Jones,14,3,55,0.1,0.0,81,1923,1,3,3,37,0,0,0,2,0,0,6,447,407.4,412.1,227.0,104.6
374,Endo,Wataru,14,3,50,0.0,0.0,12,170,0,1,1,5,0,0,0,1,0,0,0,49,56.0,18.1,6.0,8.0
375,Trey,Nyoni,14,3,50,0.1,0.0,6,21,0,0,0,1,0,0,0,0,0,0,0,11,4.2,13.4,4.0,2.1
376,Stefan,Bajčetić Maquieira,14,3,50,0.0,0.0,0,0,0,0,0,0,0,0,0,0,0,0,0,0,0.0,0.0,0.0,0.0
377,Victor,Munoz,14,3,65,0.8,0.0,0,0,0,0,0,0,0,0,0,0,0,0,0,0,0.0,0.0,0.0,0.0
378,James,McConnell,14,3,45,0.2,0.0,0,0,0,0,0,0,0,0,0,0,0,0,0,0,0.0,0.0,0.0,0.0
379,Alexander,Isak,14,4,90,11.2,0.0,41,694,3,1,1,9,0,0,0,0,0,0,4,140,146.4,39.2,191.0,36.9
380,Hugo,Ekitiké,14,4,75,0.2,0.0,125,1797,11,4,7,25,0,0,0,0,0,0,22,433,525.8,307.2,739.0,156.2
381,Lewis,Koumas,14,3,50,0.0,0.0,0,0,0,0,0,0,0,0,0,0,0,0,0,0,0.0,0.0,0.0,0.0
382,Jayden,Danns,14,4,45,0.1,0.0,0,0,0,0,0,0,0,0,0,0,0,0,0,0,0.0,0.0,0.0,0.0
383,Harvey,Elliott,14,3,55,0.1,0.0,5,110,0,0,0,2,0,0,0,0,0,0,0,17,11.8,31.7,31.0,7.4
238,Jack,Grealish,15,3,65,0.2,0.0,79,1627,2,6,7,23,0,0,0,3,1,0,12,356,374.2,520.5,397.0,129.2
384,Gianluigi,Donnarumma,15,1,55,11.1,0.0,135,3060,0,0,15,29,0,1,0,8,0,78,5,567,666.6,10.3,2.0,68.0
385,James,Trafford,15,1,50,1.4,0.0,13,360,0,0,1,6,0,0,0,0,0,14,0,67,118.0,0.0,0.0,11.9
386,Marcus,Bettinelli,15,1,45,0.0,0.0,0,0,0,0,0,0,0,0,0,0,0,0,0,0,0.0,0.0,0.0,0.0
387,Nico,O'Reilly,15,2,65,22.8,0.0,160,2643,5,4,14,25,0,0,0,5,0,0,10,567,653.8,413.9,573.0,164.1
388,Marc,Guéhi,15,2,60,23.9,0.0,179,3150,3,5,14,35,0,0,0,6,0,0,14,688,901.6,304.6,402.0,160.9
389,Matheus,Nunes,15,2,60,5.0,0.0,154,2861,1,8,12,28,0,0,0,5,0,0,16,676,696.0,545.0,131.0,137.6
390,Rúben,dos Santos Gato Alves Dias,15,2,55,1.4,0.0,113,2139,2,0,12,22,0,0,0,3,0,0,4,453,560.8,152.2,96.0,81.0
391,Joško,Gvardiol,15,2,55,11.0,0.0,79,1370,2,2,6,13,0,0,0,2,0,0,5,303,369.0,109.5,218.0,69.8
392,Rayan,Aït-Nouri,15,2,55,0.9,0.0,60,971,0,2,5,8,0,0,0,2,0,0,9,237,195.6,216.4,90.0,50.2
393,Abdukodir,Khusanov,15,2,55,2.0,0.0,67,1427,0,0,6,13,0,0,0,2,0,0,3,293,299.0,112.2,26.0,43.9
394,Max,Alleyne,15,2,50,0.0,0.0,5,135,0,0,0,1,0,0,0,0,0,0,0,27,34.0,14.8,26.0,7.5
395,Rico,Lewis,15,2,45,0.2,0.0,19,401,0,1,1,7,0,0,0,2,0,0,2,72,70.8,112.5,55.0,23.8
396,Vitor,de Oliveira Nunes dos Reis,15,2,45,0.0,0.0,0,0,0,0,0,0,0,0,0,0,0,0,0,0,0.0,0.0,0.0,0.0
397,Antoine,Semenyo,15,3,85,22.0,0.0,202,3200,17,6,12,52,0,0,1,7,0,0,18,678,923.2,607.4,1047.0,257.7
398,Phil,Foden,15,3,70,7.6,0.0,131,2078,7,5,11,19,0,0,0,4,0,0,13,563,583.2,918.8,520.0,201.9
399,Rayan,Cherki,15,3,75,9.3,0.0,135,1772,4,13,8,18,0,0,0,1,0,0,16,580,604.2,996.6,579.0,218.1
400,Jérémy,Doku,15,3,75,6.4,0.0,120,1773,5,8,8,18,0,0,0,0,0,0,15,526,540.2,841.6,645.0,202.5
401,Omar,Marmoush,15,4,70,0.7,0.0,56,691,3,3,4,5,0,0,0,3,0,0,5,182,203.2,159.8,284.0,64.4
402,Rodrigo 'Rodri',Hernandez Cascante,15,3,65,0.1,0.0,69,1510,1,1,5,15,0,0,0,3,0,0,6,350,358.0,421.5,122.0,90.3
403,Sávio,Moreira de Oliveira,15,3,65,0.1,0.0,43,817,1,2,3,7,0,0,0,2,0,0,1,140,138.6,198.4,321.0,65.8
404,Tijjani,Reijnders,15,3,60,0.4,0.0,92,1623,5,3,7,18,0,0,0,2,0,0,6,337,340.0,347.8,435.0,111.2
405,Nico,González Iglesias,15,3,55,0.1,0.0,63,1561,1,0,7,18,0,0,0,6,0,0,1,337,309.8,234.1,72.0,61.5
406,Mateo,Kovačić,15,3,55,0.0,0.0,9,125,0,1,0,3,0,0,0,0,0,0,0,41,46.0,65.5,3.0,11.5
407,Claudio,Echeverri,15,3,50,0.0,0.0,0,0,0,0,0,0,0,0,0,0,0,0,0,0,0.0,0.0,0.0,0.0
408,Kalvin,Phillips,15,3,50,0.0,0.0,0,0,0,0,0,0,0,0,0,0,0,0,0,0,0.0,0.0,0.0,0.0
409,Divine,Mukasa,15,3,45,0.1,0.0,2,25,0,0,0,0,0,0,0,0,0,0,0,5,4.2,28.3,4.0,3.7
410,Jeremy,Monga,15,3,50,0.0,0.0,0,0,0,0,0,0,0,0,0,0,0,0,0,0,0.0,0.0,0.0,0.0
411,Erling,Haaland,15,4,155,75.0,0.0,239,2953,27,8,13,32,0,0,1,2,0,0,43,952,1180.4,320.1,1520.0,302.3
481,Elliot,Anderson,15,3,65,11.8,0.0,180,3332,4,5,10,50,0,0,0,8,0,0,16,795,915.2,961.5,310.0,219.0
43,Youri,Tielemans,16,3,60,0.9,0.0,68,1857,0,4,4,27,0,0,0,0,0,0,3,417,432.0,513.6,184.0,113.1
162,Andrey,Nascimento dos Santos,16,3,50,1.5,0.0,47,1247,1,0,1,18,0,0,0,4,0,0,3,257,229.6,153.9,91.0,47.5
325,Karl,Darlow,16,1,45,0.1,0.0,71,1980,0,0,5,27,0,0,0,1,0,63,3,334,531.4,0.0,0.0,53.4
412,Senne,Lammens,16,1,50,20.3,0.0,109,2880,0,0,8,39,0,0,0,0,0,79,11,413,635.6,0.0,2.0,63.7
413,Altay,Bayındır,16,1,45,0.2,0.0,11,540,0,0,0,11,0,0,0,0,0,13,0,49,118.4,10.0,0.0,12.8
414,Tom,Heaton,16,1,40,0.3,0.0,0,0,0,0,0,0,0,0,0,0,0,0,0,0,0.0,0.0,0.0,0.0
415,Patrick,Dorgu,16,3,60,1.8,0.0,95,1440,4,4,4,20,0,0,0,5,0,0,11,321,469.0,394.2,341.0,120.3
416,Matthijs,de Ligt,16,2,50,0.0,0.0,43,1170,1,0,1,20,0,0,0,0,0,0,5,169,276.6,60.2,122.0,45.7
417,Diogo,Dalot Teixeira,16,2,50,3.0,0.0,111,2609,1,6,7,40,0,0,0,5,0,0,9,414,535.8,458.5,202.0,119.6
418,Harry,Maguire,16,2,50,8.0,0.0,90,1649,1,2,7,20,0,0,0,3,1,0,5,315,381.6,62.5,184.0,63.0
419,Lisandro,Martínez,16,2,50,0.7,0.0,51,1229,0,0,5,15,1,0,0,0,1,0,3,241,302.8,94.9,19.0,42.0
420,Leny,Yoro,16,2,50,0.6,0.0,56,1730,0,1,2,33,0,0,0,1,0,0,1,191,327.0,83.1,124.0,53.2
421,Ayden,Heaven,16,2,45,0.4,0.0,42,920,0,1,2,15,1,0,0,2,0,0,3,164,233.6,32.0,26.0,29.1
422,Noussair,Mazraoui,16,2,45,0.7,0.0,53,977,0,0,5,10,0,0,0,3,0,0,6,233,209.0,122.4,37.0,36.8
423,Luke,Shaw,16,2,45,24.6,0.0,113,3220,1,1,10,45,0,0,0,9,0,0,3,449,560.2,314.8,97.0,97.4
424,Harry,Amass,16,2,40,0.2,0.0,0,0,0,0,0,0,0,0,0,0,0,0,0,0,0.0,0.0,0.0,0.0
425,Tyler,Fredricson,16,2,40,0.1,0.0,1,2,0,0,0,0,0,0,0,0,0,0,0,4,4.0,0.0,0.0,0.4
426,Bruno,Borges Fernandes,16,3,120,48.7,0.0,235,3065,9,24,7,46,0,0,2,5,0,0,41,1008,1258.0,1938.5,614.0,381.4
427,Bryan,Mbeumo,16,3,80,17.1,0.0,148,2611,11,3,8,37,0,0,0,4,0,0,16,528,628.8,803.1,882.0,231.4
428,Matheus,Santos Carneiro da Cunha,16,3,80,14.4,0.0,143,2493,10,4,8,35,0,0,0,4,0,0,14,591,675.8,545.4,801.0,202.5
429,Marcus,Rashford,16,3,70,1.5,0.0,0,0,0,0,0,0,0,0,0,0,0,0,0,0,0.0,0.0,0.0,0.0
430,Mason,Mount,16,3,55,0.1,0.0,58,1010,3,0,5,15,0,0,0,2,0,0,3,201,201.2,214.1,165.0,58.0
431,Amad,Diallo,16,3,60,1.5,0.0,91,2339,2,5,6,33,0,0,0,2,0,0,7,463,436.6,596.1,600.0,163.5
432,Kobbie,Mainoo,16,3,55,1.3,0.0,73,1653,1,2,6,22,0,0,0,2,0,0,2,340,365.0,360.1,94.0,82.1
433,Manuel,Ugarte Ribeiro,16,3,50,0.0,0.0,38,876,0,0,1,23,0,0,0,1,0,0,0,183,167.2,83.6,48.0,29.8
434,Jack,Fletcher,16,3,50,0.0,0.0,3,107,0,0,0,0,0,0,0,0,0,0,0,10,18.6,24.4,5.0,4.8
435,Shea,Lacey,16,3,50,0.1,0.0,3,40,0,0,0,0,0,0,0,0,0,0,0,9,4.0,2.1,16.0,1.7
436,Toby,Collyer,16,3,50,0.0,0.0,0,0,0,0,0,0,0,0,0,0,0,0,0,0,0.0,0.0,0.0,0.0
437,Bendito,Mantato,16,3,45,0.2,0.0,1,15,0,0,0,0,0,0,0,0,0,0,0,3,2.2,11.7,0.0,1.4
438,Tyler,Fletcher,16,3,45,0.3,0.0,2,17,0,0,0,0,0,0,0,0,0,0,0,6,0.8,3.0,0.0,0.3
439,Benjamin,Sesko,16,4,70,2.8,0.0,111,1630,11,2,2,30,0,0,0,2,0,0,19,405,483.8,156.1,803.0,143.4
440,Joshua,Zirkzee,16,4,55,0.7,0.0,42,607,2,1,2,8,0,0,0,3,0,0,6,146,164.4,177.7,245.0,58.3
441,Chido,Obi,16,4,45,1.2,0.0,0,0,0,0,0,0,0,0,0,0,0,0,0,0,0.0,0.0,0.0,0.0
442,Nick,Pope,17,1,50,1.1,0.0,96,2416,0,1,7,38,0,0,0,2,0,89,3,414,671.0,0.0,35.0,70.7
443,Mark,Gillespie,17,1,45,0.1,0.0,0,0,0,0,0,0,0,0,0,0,0,0,0,0,0.0,0.0,0.0,0.0
444,Ewen,Jaouen,17,1,45,0.1,0.0,0,0,0,0,0,0,0,0,0,0,0,0,0,0,0.0,0.0,0.0,0.0
445,Malick,Thiaw,17,2,50,2.1,0.0,126,2963,4,0,5,52,0,0,0,4,0,0,12,436,868.0,114.3,409.0,138.9
446,Fabian,Schär,17,2,50,0.2,0.0,51,1089,0,0,4,13,0,0,0,1,0,0,0,186,291.2,63.6,108.0,46.4
447,Sven,Botman,17,2,50,0.4,0.0,89,1834,1,1,5,27,1,0,0,2,0,0,6,332,597.0,85.8,190.0,87.4
448,Dan,Burn,17,2,50,2.7,0.0,93,2195,1,3,6,36,0,0,0,9,1,0,5,286,525.8,107.3,186.0,82.1
449,Lewis,Hall,17,2,50,4.1,0.0,79,2176,1,2,4,39,0,0,0,4,0,0,4,347,550.2,433.6,196.0,118.0
450,Tino,Livramento,17,2,50,0.1,0.0,59,1326,0,1,6,14,0,0,0,1,0,0,3,252,219.4,199.7,42.0,46.1
451,Alex,Murphy,17,2,40,0.8,0.0,2,7,0,0,0,1,0,0,0,0,0,0,0,3,10.2,0.6,2.0,1.3
452,Bruno,Guimarães Rodriguez Moura,17,3,70,8.4,0.0,154,2456,9,7,6,37,0,0,0,6,0,0,22,681,782.4,756.7,488.0,202.9
453,Harvey,Barnes,17,3,60,1.2,0.0,106,1951,7,1,5,31,0,0,0,1,0,0,9,349,404.0,387.5,682.0,147.0
454,Anthony,Elanga,17,3,60,0.7,0.0,48,1302,0,1,2,28,0,0,0,0,0,0,0,179,130.4,266.7,185.0,57.8
456,Jacob,Ramsey,17,3,50,0.5,0.0,62,1441,2,3,1,31,0,0,0,3,1,0,3,303,304.4,330.3,165.0,79.9
457,Jacob,Murphy,17,3,60,0.2,0.0,82,1606,3,2,8,20,0,0,0,2,0,0,5,314,330.8,393.7,346.0,106.0
458,Joelinton Cássio,Apolinário de Lira,17,3,55,0.0,0.0,73,1950,2,1,5,27,0,0,0,10,0,0,2,304,324.4,296.3,329.0,95.0
459,Lewis,Miley,17,3,55,0.0,0.0,72,1493,1,4,2,22,0,0,0,0,0,0,5,334,342.6,251.4,136.0,73.0
460,Joe,Willock,17,3,50,0.1,0.0,38,972,0,2,3,18,0,0,0,3,0,0,0,166,145.4,205.8,204.0,55.5
461,Bazoumana,Touré,17,3,60,0.2,0.0,0,0,0,0,0,0,0,0,0,0,0,0,0,0,0.0,0.0,0.0,0.0
462,Sean,Steur,17,3,50,0.1,0.0,0,0,0,0,0,0,0,0,0,0,0,0,0,0,0.0,0.0,0.0,0.0
463,Nick,Woltemade,17,4,60,1.7,0.0,108,1896,8,4,8,29,1,0,0,0,0,0,12,399,447.2,314.4,425.0,117.5
464,Yoane,Wissa,17,4,60,1.4,0.0,27,517,1,1,1,11,0,0,0,3,0,0,0,70,58.0,46.7,163.0,25.5
465,William,Osula,17,4,60,1.7,0.0,76,805,7,1,2,14,0,0,0,0,0,0,13,284,256.6,82.6,284.0,62.2
466,Sean,Neave,17,4,45,0.7,0.0,1,13,0,0,0,1,0,0,0,0,0,0,0,2,0.0,0.0,5.0,0.5
559,Aladji,Bamba,17,3,50,0.1,0.0,0,0,0,0,0,0,0,0,0,0,0,0,0,0,0.0,0.0,0.0,0.0
567,Lukás,Hornícek,17,1,50,0.1,0.0,0,0,0,0,0,0,0,0,0,0,0,0,0,0,0.0,0.0,0.0,0.0
467,Matz,Sels,18,1,50,1.4,0.0,105,2667,0,0,7,39,0,1,0,2,0,95,3,431,730.0,10.0,0.0,74.0
468,John Victor,Maciel Furtado,18,1,45,0.1,0.0,11,437,0,0,1,8,0,0,0,1,0,6,0,32,56.4,0.0,0.0,5.7
469,Neco,Williams,18,2,50,13.2,0.0,128,3203,2,3,9,48,0,0,0,6,1,0,15,531,804.0,572.3,380.0,175.6
470,Felipe,Rodrigues da Silva,18,2,50,0.1,0.0,53,1340,1,0,2,23,0,0,0,5,0,0,1,190,371.2,37.6,96.0,50.5
471,Nikola,Milenković,18,2,55,2.2,0.0,119,3375,0,1,9,51,1,0,0,6,0,0,2,401,680.4,66.9,120.0,86.9
472,Murillo,Costa dos Santos,18,2,55,0.2,0.0,83,2130,1,0,6,29,2,0,0,5,0,0,3,333,542.2,115.5,82.0,74.0
473,Ola,Aina,18,2,45,4.7,0.0,67,1587,0,2,6,19,0,0,0,3,0,0,5,264,285.2,160.3,58.0,50.5
474,Jair,Paula da Cunha Filho,18,2,45,0.5,0.0,13,514,0,0,0,7,0,0,0,0,0,0,0,48,98.0,15.2,29.0,14.2
475,Nicolò,Savona,18,2,45,0.0,0.0,39,1025,2,0,3,18,0,0,0,2,0,0,0,131,216.6,123.2,94.0,43.5
476,Omar,Richards,18,2,40,0.2,0.0,0,0,0,0,0,0,0,0,0,0,0,0,0,0,0.0,0.0,0.0,0.0
477,Zach,Abbott,18,2,40,0.2,0.0,3,165,0,0,0,4,0,0,0,0,0,0,0,3,25.4,6.4,0.0,3.2
478,Luca,Netz,18,2,45,0.0,0.0,11,353,0,0,0,5,0,0,0,0,0,0,0,33,63.4,30.1,10.0,10.4
479,Tyler,Bindon,18,2,40,0.2,0.0,0,0,0,0,0,0,0,0,0,0,0,0,0,0,0.0,0.0,0.0,0.0
480,Morgan,Gibbs-White,18,3,80,11.7,0.0,188,3101,15,4,10,45,0,0,0,1,0,0,18,712,843.8,747.7,836.0,242.5
482,Callum,Hudson-Odoi,18,3,60,0.0,0.0,88,1838,3,4,6,26,0,0,0,0,0,0,8,358,366.6,611.7,330.0,130.6
483,Dan,Ndoye,18,3,55,0.6,0.0,50,1167,1,2,2,17,0,0,0,1,0,0,4,178,166.4,217.7,180.0,56.6
484,Omari,Hutchinson,18,3,55,0.1,0.0,82,1676,1,7,6,24,0,0,0,1,0,0,3,329,333.6,527.1,356.0,121.6
485,Dilane,Bakwa,18,3,55,0.0,0.0,26,549,0,2,2,10,0,0,0,1,0,0,1,100,86.4,178.8,95.0,35.6
486,James,McAtee,18,3,55,0.1,0.0,17,288,0,1,0,9,0,0,0,1,0,0,0,60,51.6,82.0,39.0,17.3
487,Nicolás,Domínguez,18,3,50,0.1,0.0,48,1168,1,1,3,20,0,0,0,3,0,0,3,229,264.8,193.5,138.0,59.7
488,Ibrahim,Sangaré,18,3,50,0.5,0.0,89,2073,2,2,8,26,0,0,0,5,0,0,2,366,434.4,205.9,126.0,76.8
489,Ryan,Yates,18,3,45,7.4,0.0,30,602,0,2,0,7,0,0,0,3,0,0,0,123,139.0,79.7,55.0,27.2
490,Chris,Wood,18,4,60,1.8,0.0,41,896,3,0,2,14,0,0,0,0,0,0,4,145,139.0,88.4,266.0,48.0
491,Igor Jesus,Maciel da Cruz,18,4,60,4.9,0.0,114,2293,6,6,9,37,0,0,0,2,0,0,13,407,420.6,240.7,726.0,136.4
492,Taiwo,Awoniyi,18,4,55,0.4,0.0,43,480,4,2,1,4,0,0,0,2,0,0,4,170,177.2,79.0,235.0,48.4
493,Arnaud,Kalimuendo,18,4,55,0.1,0.0,9,89,0,0,0,3,0,0,0,0,0,0,0,24,6.8,17.7,39.0,6.3
558,Xaver,Schlager,18,3,50,0.1,0.0,0,0,0,0,0,0,0,0,0,0,0,0,0,0,0.0,0.0,0.0,0.0
112,Jan Paul,van Hecke,19,2,50,8.3,0.0,148,3210,3,3,10,44,1,0,0,9,0,0,8,575,980.6,240.4,295.0,152.0
455,Sandro,Tonali,19,3,55,3.9,0.0,81,2534,0,2,7,38,0,0,0,4,0,0,2,477,398.0,534.1,198.0,113.4
494,Guglielmo,Vicario,19,1,45,1.5,0.0,90,2790,0,0,7,50,0,0,0,1,0,83,6,412,709.2,10.1,0.0,72.2
495,Brandon,Austin,19,1,40,0.6,0.0,0,0,0,0,0,0,0,0,0,0,0,0,0,0,0.0,0.0,0.0,0.0
496,Antonín,Kinský,19,1,45,18.7,0.0,20,630,0,0,2,7,0,0,0,1,0,10,0,76,102.6,0.0,0.0,10.3
497,Martin,Dubravka,19,1,40,24.4,0.0,96,3150,0,0,4,71,0,0,0,1,0,127,7,436,976.4,0.0,0.0,97.9
498,Marcos,Senesi Barón,19,2,60,10.9,0.0,175,3288,0,6,11,53,0,0,0,8,0,0,14,571,1114.4,367.8,201.0,168.6
499,Pedro,Porro Sauceda,19,2,55,23.9,0.0,117,2793,1,3,9,40,0,0,0,10,0,0,8,502,690.2,881.7,202.0,177.5
500,Cristian,Romero,19,2,50,1.1,0.0,91,1869,4,1,5,33,0,0,0,9,2,0,10,305,574.8,133.6,223.0,93.2
501,Kevin,Danso,19,2,50,0.2,0.0,63,1489,0,0,4,25,0,0,0,8,0,0,1,219,407.0,49.5,96.0,55.5
502,Andrew,Robertson,19,2,45,1.8,0.0,55,1165,1,0,4,16,0,0,0,0,0,0,4,216,239.8,318.8,121.0,68.2
503,Micky,van de Ven,19,2,50,6.5,0.0,116,3041,4,1,9,50,0,0,0,9,1,0,10,431,683.4,95.2,218.0,99.6
505,Djed,Spence,19,2,45,9.5,0.0,78,2049,0,0,9,31,0,0,0,4,0,0,3,271,291.0,209.7,207.0,70.5
506,Destiny,Udogie,19,2,45,0.4,0.0,29,1335,0,1,1,25,0,0,0,4,0,0,1,121,207.2,187.0,103.0,49.8
507,Ashley,Phillips,19,2,45,0.1,0.0,0,0,0,0,0,0,0,0,0,0,0,0,0,0,0.0,0.0,0.0,0.0
508,Ben,Davies,19,2,40,0.8,0.0,10,136,1,0,0,3,0,0,0,1,0,0,1,29,67.4,22.2,52.0,14.2
509,Jun'ai,Byfield,19,2,40,0.1,0.0,1,1,0,0,0,0,0,0,0,0,0,0,0,3,0.4,0.5,0.0,0.1
510,James,Rowswell,19,2,40,0.1,0.0,1,1,0,0,0,0,0,0,0,0,0,0,0,3,0.0,0.0,0.0,0.0
511,João Victor,de Souza Menezes,19,2,40,0.3,0.0,3,142,0,0,0,3,0,0,0,1,0,0,0,0,12.8,31.9,17.0,6.2
512,Mohammed,Kudus,19,3,65,0.2,0.0,75,1535,2,6,7,20,0,0,0,3,0,0,7,257,333.4,413.8,302.0,104.7
513,Xavi,Simons,19,3,60,0.0,0.0,80,1747,2,5,4,36,0,0,0,5,1,0,7,345,349.6,533.8,255.0,113.9
514,Mathys,Tel,19,3,60,0.4,0.0,78,1334,4,2,3,23,0,0,0,1,0,0,7,266,303.4,457.2,312.0,107.6
515,James,Maddison,19,3,65,2.1,0.0,3,34,0,0,0,0,0,0,0,0,0,0,0,5,2.8,9.5,15.0,2.8
516,Rodrigo,Bentancur,19,3,55,0.1,0.0,86,1880,1,1,8,25,0,0,0,7,0,0,4,366,349.0,197.8,124.0,67.4
517,Wilson,Odobert,19,3,55,0.0,0.0,46,972,0,2,2,13,0,0,0,0,0,0,6,176,158.8,284.3,234.0,67.6
518,Pape Matar,Sarr,19,3,50,0.4,0.0,71,1388,2,4,3,23,0,0,0,3,0,0,2,313,336.0,188.3,156.0,68.2
519,Conor,Gallagher,19,3,55,0.2,0.0,44,1183,1,1,2,23,0,0,0,2,0,0,3,211,190.6,205.9,154.0,55.1
520,Lucas,Bergvall,19,3,55,0.2,0.0,49,955,1,3,3,18,0,0,0,2,0,0,0,163,164.6,106.4,147.0,41.5
521,Dejan,Kulusevski,19,3,65,0.0,0.0,0,0,0,0,0,0,0,0,0,0,0,0,0,0,0.0,0.0,0.0,0.0
522,Archie,Gray,19,3,50,0.2,0.0,61,1471,2,2,5,28,0,0,0,5,0,0,6,237,259.4,138.1,158.0,55.5
523,Mikey,Moore,19,3,50,0.1,0.0,0,0,0,0,0,0,0,0,0,0,0,0,0,0,0.0,0.0,0.0,0.0
524,Callum,Olusesi,19,3,45,0.9,0.0,1,14,0,0,0,0,0,0,0,0,0,0,0,3,0.6,1.8,0.0,0.2
525,Mateus,Fernandes,19,3,60,3.7,0.0,135,3017,3,4,8,50,0,0,0,7,0,0,7,659,657.2,622.8,183.0,146.3
526,Dominic,Solanke-Mitchell,19,4,60,2.6,0.0,40,997,3,0,0,21,0,0,0,1,0,0,4,187,205.0,84.1,339.0,62.7
527,Richarlison,de Andrade,19,4,60,1.9,0.0,119,1954,11,4,7,27,0,0,0,5,0,0,17,505,602.6,239.6,815.0,165.2
528,Dane,Scarlett,19,4,45,1.7,0.0,2,7,0,0,0,0,0,0,0,0,0,0,0,5,1.0,4.1,2.0,0.7
529,Robin,Roefs,20,1,50,5.2,0.0,136,3150,0,0,10,46,0,1,0,4,0,109,12,573,881.6,50.0,0.0,93.1
530,Anthony,Patterson,20,1,40,1.1,0.0,0,0,0,0,0,0,0,0,0,0,0,0,0,0,0.0,0.0,0.0,0.0
531,Melker,Ellborg,20,1,45,0.1,0.0,16,270,0,0,1,2,0,0,0,0,0,10,3,62,73.6,0.0,0.0,7.4
532,Daniel,Ballard,20,2,50,3.5,0.0,116,2144,2,2,6,35,0,0,0,4,1,0,9,340,662.8,181.2,370.0,121.5
533,Nordi,Mukiele,20,2,55,7.7,0.0,151,2784,3,5,9,40,1,0,0,5,0,0,11,489,733.6,353.1,242.0,132.9
534,Trai,Hume,20,2,45,2.2,0.0,110,3032,2,1,9,42,1,0,0,9,0,0,6,383,547.8,421.3,248.0,120.9
535,Omar,Alderete,20,2,50,1.2,0.0,125,2797,1,1,10,40,0,0,0,6,0,0,5,400,749.0,138.1,279.0,117.0
536,Reinildo,Mandava,20,2,45,0.5,0.0,74,1966,0,2,6,27,0,0,0,7,1,0,6,281,376.4,130.2,39.0,54.7
537,Jenson,Seelt,20,2,45,0.0,0.0,2,133,0,0,0,2,0,0,0,0,0,0,0,11,33.6,2.4,0.0,3.6
538,Leo Fuhr,Hjelde,20,2,40,0.3,0.0,0,0,0,0,0,0,0,0,0,0,0,0,0,0,0.0,0.0,0.0,0.0
539,Luke,O'Nien,20,2,40,2.3,0.0,26,565,0,1,2,7,0,0,0,1,1,0,1,90,103.0,27.6,40.0,17.1
540,Arthur,Masuaku,20,2,40,1.4,0.0,1,125,0,0,0,2,0,0,0,1,0,0,0,4,21.8,20.1,7.0,4.9
541,Thomas,Meunier,20,2,45,0.5,0.0,0,0,0,0,0,0,0,0,0,0,0,0,0,0,0.0,0.0,0.0,0.0
542,Enzo,Le Fée,20,3,60,12.4,0.0,147,2930,5,6,10,43,0,0,1,5,0,0,16,621,725.8,816.4,324.0,186.9
543,Habib,Diarra,20,3,55,0.1,0.0,65,1403,2,6,5,19,0,0,0,6,0,0,3,209,166.2,153.8,234.0,53.9
544,Granit,Xhaka,20,3,55,6.0,0.0,124,2901,1,6,9,39,0,0,0,8,0,0,8,603,685.0,595.3,101.0,138.1
545,Noah,Sadiki,20,3,50,0.4,0.0,80,2891,0,2,9,42,0,0,0,9,0,0,0,410,347.6,333.3,162.0,84.6
546,Simon,Adingra,20,3,50,0.3,0.0,34,649,1,1,4,8,0,0,0,2,0,0,3,81,81.4,116.8,75.0,27.0
547,Romaine,Mundle,20,3,50,0.0,0.0,14,399,0,0,0,11,0,0,0,1,0,0,0,42,29.4,33.6,69.0,12.7
548,Chris,Rigg,20,3,50,0.1,0.0,36,758,1,1,3,11,0,0,0,1,0,0,1,136,114.6,142.8,103.0,36.0
549,Chemsdine,Talbi,20,3,55,0.2,0.0,83,1553,4,2,7,14,0,0,0,0,0,0,6,248,238.8,211.5,245.0,69.1
550,Djiamgone Jocelin Ta,Bi,20,3,50,0.0,0.0,1,38,0,0,0,0,0,0,0,0,0,0,0,4,3.4,4.3,2.0,1.0
551,Nilson,Angulo,20,3,50,0.1,0.0,13,401,0,0,1,6,0,0,0,1,0,0,0,43,45.4,44.3,89.0,17.8
552,Brian,Brobbey,20,4,60,20.5,0.0,92,1920,7,2,6,30,0,0,0,6,0,0,12,309,333.4,200.5,552.0,106.7
553,Wilson,Isidor,20,4,55,1.2,0.0,74,1148,6,1,4,17,0,0,0,1,0,0,7,266,242.0,30.4,444.0,71.5
